id,gold,pred
ART001055027,사회복지학,사회복지학
ART001151391,사회복지학,공학일반
ART002056430,사회학,사회학
ART002092283,사회학,사회학
ART001788846,전자/정보통신공학,공학일반
ART001414207,사회복지학,사회복지학
ART001815329,공학일반,사회학
ART001029559,농학,공학일반
ART000976065,공학일반,사회복지학
ART001982324,사회복지학,사회복지학
ART001413872,전자/정보통신공학,전자/정보통신공학
ART001518124,농학,농학
ART001872225,전자/정보통신공학,전자/정보통신공학
ART001820592,농학,농학
ART001534900,전자/정보통신공학,전자/정보통신공학
ART001707268,전자/정보통신공학,전자/정보통신공학
ART001675690,농학,공학일반
ART000987694,사회학,사회학
ART001805119,사회복지학,사회학
ART001600057,농학,사회학
ART001243636,사회복지학,사회학
ART001110177,사회복지학,사회학
ART001990874,전자/정보통신공학,농학
ART001590434,사회복지학,사회복지학
ART001677155,농학,농학
ART001606134,농학,농학
ART002097437,농학,공학일반
ART001901413,사회복지학,사회학
ART001827950,공학일반,공학일반
ART001816840,농학,농학
ART001871841,전자/정보통신공학,전자/정보통신공학
ART001820506,농학,농학
ART001469074,농학,농학
ART000990928,농학,전자/정보통신공학
ART001357418,농학,농학
ART002090608,사회복지학,사회복지학
ART001381629,농학,공학일반
ART001993013,사회복지학,사회복지학
ART001611314,공학일반,공학일반
ART001492774,전자/정보통신공학,전자/정보통신공학
ART001891605,사회복지학,사회학
ART002047229,사회학,사회학
ART001518095,농학,농학
ART001413837,전자/정보통신공학,전자/정보통신공학
ART001638761,전자/정보통신공학,사회학
ART000990929,농학,농학
ART001861299,사회복지학,사회복지학
ART001638760,전자/정보통신공학,전자/정보통신공학
ART001598790,농학,농학
ART001555657,농학,사회학
ART001295121,사회복지학,사회복지학
ART001620424,농학,농학
ART001827721,사회학,사회학
ART001699284,사회복지학,사회복지학
ART001677778,공학일반,공학일반
ART000908191,농학,사회복지학
ART001003016,농학,농학
ART000889550,농학,농학
ART001262762,농학,농학
ART001582460,공학일반,공학일반
ART001538420,사회복지학,사회복지학
ART001704700,전자/정보통신공학,전자/정보통신공학
ART001055019,사회복지학,사회복지학
ART001414212,사회복지학,사회복지학
ART002134429,농학,농학
ART001464291,농학,농학
ART001128398,사회복지학,사회복지학
ART001640898,사회복지학,사회복지학
ART001516082,전자/정보통신공학,사회학
ART002086276,공학일반,공학일반
ART001534421,농학,농학
ART001889591,전자/정보통신공학,사회학
ART002124989,공학일반,사회복지학
ART001852495,사회복지학,사회복지학
ART001089008,농학,농학
ART001150982,사회복지학,사회복지학
ART001693880,사회복지학,사회복지학
ART002090658,사회복지학,사회복지학
ART001306825,농학,농학
ART001235242,농학,사회학
ART002040631,사회복지학,사회복지학
ART001710796,농학,농학
ART001359623,공학일반,공학일반
ART001805291,사회복지학,사회복지학
ART001692810,사회학,사회학
ART001557068,사회학,사회학
ART001690080,사회복지학,사회학
ART001035670,농학,사회학
ART001389657,전자/정보통신공학,전자/정보통신공학
ART001825075,공학일반,사회복지학
ART001481755,사회복지학,사회복지학
ART001874021,사회복지학,사회복지학
ART001842264,사회복지학,사회복지학
ART001857125,공학일반,공학일반
ART001726778,전자/정보통신공학,사회복지학
ART001544927,농학,농학
ART001691661,공학일반,공학일반
ART002072156,농학,농학
ART001977852,사회복지학,사회복지학
ART001914556,농학,농학
ART001590438,사회복지학,사회복지학
ART001089006,농학,사회복지학
ART001245818,공학일반,공학일반
ART001735207,농학,농학
ART001891154,농학,농학
ART001726490,사회복지학,사회복지학
ART001366856,사회복지학,사회복지학
ART002070605,공학일반,공학일반
ART001665976,농학,농학
ART001557294,사회복지학,사회복지학
ART001834473,농학,농학
ART001766401,사회복지학,사회복지학
ART001549007,공학일반,공학일반
ART001218979,공학일반,사회복지학
ART001223891,사회복지학,전자/정보통신공학
ART001757997,사회복지학,사회복지학
ART001729117,사회복지학,사회복지학
ART001719771,공학일반,공학일반
ART000901521,사회복지학,공학일반
ART001329173,사회복지학,사회학
ART001858498,전자/정보통신공학,전자/정보통신공학
ART001318368,공학일반,공학일반
ART001664619,농학,농학
ART001151138,사회복지학,사회학
ART000977268,농학,농학
ART001245041,사회복지학,사회복지학
ART001589583,공학일반,공학일반
ART001241440,공학일반,공학일반
ART001557336,사회복지학,사회복지학
ART001716768,사회복지학,사회복지학
ART001716180,사회학,사회학
ART001829945,사회복지학,사회복지학
ART002045807,공학일반,공학일반
ART001598748,농학,농학
ART001977419,농학,농학
ART001650535,농학,공학일반
ART001773721,사회복지학,사회복지학
ART001072235,사회학,사회학
ART001298191,농학,농학
ART002090808,사회복지학,사회복지학
ART001735211,농학,공학일반
ART002150224,사회복지학,사회복지학
ART001619881,사회학,사회학
ART001989823,농학,농학
ART001277143,사회복지학,사회복지학
ART002141605,전자/정보통신공학,전자/정보통신공학
ART001150775,사회복지학,사회복지학
ART001260966,사회학,사회학
ART001670434,사회복지학,사회학
ART001939154,사회학,사회학
ART001960015,공학일반,공학일반
ART002071056,사회복지학,사회복지학
ART000889548,농학,사회복지학
ART001322935,농학,농학
ART001562463,농학,농학
ART002078581,농학,농학
ART002073651,전자/정보통신공학,전자/정보통신공학
ART001726038,사회복지학,사회복지학
ART000991289,농학,농학
ART000998984,농학,전자/정보통신공학
ART001427362,사회복지학,사회복지학
ART000984963,사회복지학,사회복지학
ART001427338,사회복지학,사회복지학
ART002046311,농학,농학
ART001373753,사회복지학,사회복지학
ART002107105,전자/정보통신공학,전자/정보통신공학
ART001627887,사회학,사회학
ART001390074,공학일반,공학일반
ART001346209,농학,농학
ART001194653,농학,공학일반
ART001462465,농학,농학
ART002002770,농학,농학
ART001128299,사회복지학,사회복지학
ART001493639,농학,농학
ART001604529,공학일반,공학일반
ART001442709,농학,농학
ART001800906,공학일반,공학일반
ART001150829,사회복지학,사회복지학
ART001025648,사회복지학,사회복지학
ART001899681,공학일반,공학일반
ART001275697,사회복지학,사회복지학
ART001516089,전자/정보통신공학,전자/정보통신공학
ART002141592,전자/정보통신공학,전자/정보통신공학
ART001839441,전자/정보통신공학,사회복지학
ART001442487,농학,농학
ART001105945,사회학,사회학
ART001666584,사회복지학,사회복지학
ART001797374,사회복지학,사회복지학
ART001249369,사회복지학,사회복지학
ART002136204,사회복지학,공학일반
ART001659160,농학,농학
ART001927542,전자/정보통신공학,전자/정보통신공학
ART001540024,사회복지학,사회학
ART001295104,사회복지학,사회학
ART001817307,사회복지학,사회복지학
ART001770239,공학일반,공학일반
ART001754510,사회복지학,사회복지학
ART001892960,사회학,사회학
ART001808399,농학,농학
ART002147574,농학,농학
ART002074087,사회복지학,사회복지학
ART001563870,사회복지학,농학
ART001665955,농학,농학
ART001774435,농학,농학
ART001464314,농학,농학
ART001036497,농학,사회복지학
ART001479014,농학,농학
ART001110619,사회복지학,사회복지학
ART001773715,사회복지학,사회복지학
ART001990769,전자/정보통신공학,전자/정보통신공학
ART001614747,사회복지학,사회복지학
ART001561575,사회복지학,사회복지학
ART001550844,전자/정보통신공학,공학일반
ART001598159,전자/정보통신공학,전자/정보통신공학
ART001632497,전자/정보통신공학,전자/정보통신공학
ART002104768,전자/정보통신공학,전자/정보통신공학
ART001505772,사회복지학,사회복지학
ART001925057,전자/정보통신공학,사회학
ART002053907,농학,농학
ART001346235,농학,농학
ART001990880,전자/정보통신공학,전자/정보통신공학
ART002070051,농학,공학일반
ART001607636,사회학,사회학
ART002122034,사회학,사회학
ART001374093,전자/정보통신공학,사회학
ART000878870,사회복지학,사회학
ART000889453,농학,공학일반
ART001105898,사회학,사회학
ART002104444,공학일반,공학일반
ART001789370,전자/정보통신공학,전자/정보통신공학
ART000916443,농학,농학
ART001431924,사회복지학,사회학
ART001606411,사회복지학,사회학
ART001064159,농학,농학
ART001816738,농학,농학
ART001448138,사회복지학,사회복지학
ART001786893,공학일반,사회학
ART002117888,사회복지학,사회복지학
ART002006967,전자/정보통신공학,전자/정보통신공학
ART001548990,공학일반,공학일반
ART001379706,사회복지학,사회복지학
ART001833543,사회복지학,사회복지학
ART002109318,농학,농학
ART001869175,농학,농학
ART002009208,공학일반,공학일반
ART001537547,공학일반,공학일반
ART001954831,사회복지학,사회복지학
ART001518986,전자/정보통신공학,전자/정보통신공학
ART001728560,농학,농학
ART001379712,사회복지학,사회복지학
ART001944088,사회복지학,사회복지학
ART001805069,사회복지학,사회복지학
ART000991288,농학,농학
ART002107097,전자/정보통신공학,농학
ART001818333,전자/정보통신공학,전자/정보통신공학
ART001557273,사회복지학,사회복지학
ART001564761,농학,농학
ART001507368,사회복지학,사회학
ART001275713,사회복지학,사회복지학
ART001379730,사회복지학,사회복지학
ART001352950,사회복지학,사회복지학
ART002087000,전자/정보통신공학,전자/정보통신공학
ART001842960,공학일반,사회학
ART001078254,전자/정보통신공학,전자/정보통신공학
ART001014479,농학,공학일반
ART002090829,사회복지학,사회복지학
ART001944141,사회복지학,사회학
ART001052270,사회복지학,사회복지학
ART002005530,사회복지학,사회복지학
ART001428048,전자/정보통신공학,전자/정보통신공학
ART001362133,전자/정보통신공학,전자/정보통신공학
ART001359489,공학일반,공학일반
ART001818871,전자/정보통신공학,전자/정보통신공학
ART001567748,사회학,사회학
ART001335643,공학일반,공학일반
ART001239495,농학,농학
ART001148492,농학,농학
ART001561592,사회복지학,공학일반
ART001820531,농학,농학
ART002047374,전자/정보통신공학,전자/정보통신공학
ART002048526,공학일반,공학일반
ART001737164,전자/정보통신공학,농학
ART001970557,사회학,사회학
ART001823665,사회복지학,사회복지학
ART001944986,농학,공학일반
ART001650708,농학,농학
ART001375604,농학,농학
ART001737171,전자/정보통신공학,농학
ART001442349,전자/정보통신공학,전자/정보통신공학
ART001262283,전자/정보통신공학,농학
ART001788776,전자/정보통신공학,전자/정보통신공학
ART001606150,농학,농학
ART001677737,공학일반,공학일반
ART001789364,전자/정보통신공학,전자/정보통신공학
ART001833538,사회복지학,사회복지학
ART001990875,전자/정보통신공학,전자/정보통신공학
ART001337929,농학,농학
ART002044820,전자/정보통신공학,사회학
ART002149110,사회학,사회학
ART001141196,사회학,농학
ART002004234,사회학,사회복지학
ART001324478,사회복지학,사회복지학
ART001110574,사회복지학,사회복지학
ART001501193,농학,전자/정보통신공학
ART002075531,사회복지학,사회복지학
ART001031809,사회학,사회학
ART001849318,전자/정보통신공학,전자/정보통신공학
ART001322929,농학,농학
ART001148706,농학,사회복지학
ART000954670,사회복지학,사회학
ART001910052,전자/정보통신공학,전자/정보통신공학
ART002041348,전자/정보통신공학,전자/정보통신공학
ART001690283,사회복지학,사회복지학
ART001136460,사회복지학,사회학
ART001311908,농학,사회복지학
ART001953449,농학,농학
ART001500226,사회복지학,사회복지학
ART001337930,농학,농학
ART001834756,전자/정보통신공학,전자/정보통신공학
ART001628750,사회학,사회복지학
ART001488206,사회복지학,사회복지학
ART002046292,농학,농학
ART001793791,공학일반,공학일반
ART000993955,사회복지학,사회복지학
ART001580374,농학,농학
ART001507974,전자/정보통신공학,전자/정보통신공학
ART001815325,공학일반,사회학
ART002118752,사회복지학,사회복지학
ART001414218,사회복지학,사회복지학
ART001302299,사회복지학,사회학
ART001901120,공학일반,공학일반
ART001692736,농학,농학
ART001854708,전자/정보통신공학,전자/정보통신공학
ART001613582,전자/정보통신공학,사회학
ART001518963,전자/정보통신공학,전자/정보통신공학
ART001544909,농학,농학
ART001499055,사회복지학,사회복지학
ART001544907,농학,사회복지학
ART001880899,농학,농학
ART001634640,농학,농학
ART000977444,농학,농학
ART000994510,공학일반,사회학
ART001827941,공학일반,공학일반
ART001857109,공학일반,사회복지학
ART001136974,사회복지학,사회복지학
ART001581854,사회복지학,사회복지학
ART001149078,농학,농학
ART001607504,전자/정보통신공학,전자/정보통신공학
ART001718041,사회학,사회학
ART001800866,공학일반,공학일반
ART001148818,농학,사회복지학
ART002140893,공학일반,사회복지학
ART001208740,사회복지학,사회복지학
ART001981895,사회학,사회학
ART001275296,전자/정보통신공학,공학일반
ART001726776,전자/정보통신공학,공학일반
ART001499053,사회복지학,사회복지학
ART001604557,전자/정보통신공학,전자/정보통신공학
ART001011050,사회복지학,사회학
ART001341245,전자/정보통신공학,공학일반
ART001450310,농학,전자/정보통신공학
ART001796968,사회복지학,사회복지학
ART001969110,사회복지학,사회복지학
ART001660845,사회학,사회복지학
ART001736610,전자/정보통신공학,전자/정보통신공학
ART001395868,농학,농학
ART001834753,전자/정보통신공학,전자/정보통신공학
ART001022074,사회복지학,사회학
ART001613519,전자/정보통신공학,공학일반
ART001903632,농학,농학
ART001492066,전자/정보통신공학,전자/정보통신공학
ART001253860,사회학,사회학
ART001843589,농학,농학
ART001856718,사회복지학,사회학
ART001477998,사회복지학,공학일반
ART001818898,전자/정보통신공학,사회학
ART001711617,전자/정보통신공학,전자/정보통신공학
ART001776420,사회복지학,사회학
ART002041347,전자/정보통신공학,농학
ART001362545,전자/정보통신공학,전자/정보통신공학
ART001956445,사회복지학,사회학
ART001736596,사회복지학,사회복지학
ART001468504,사회복지학,사회복지학
ART001275251,사회학,사회학
ART002048522,공학일반,공학일반
ART001735209,농학,농학
ART001640547,공학일반,공학일반
ART002002642,사회복지학,사회학
ART001637106,사회복지학,사회학
ART001765350,전자/정보통신공학,사회학
ART001136309,사회복지학,사회복지학
ART001659334,농학,농학
ART001412498,사회학,사회학
ART001399793,농학,농학
ART001110669,사회복지학,사회학
ART001432042,사회복지학,사회학
ART001124450,농학,농학
ART001845577,전자/정보통신공학,농학
ART001374657,사회복지학,사회복지학
ART002116707,농학,농학
ART001760539,사회복지학,사회복지학
ART001323945,전자/정보통신공학,사회학
ART001431993,사회복지학,사회학
ART002150228,사회복지학,사회복지학
ART001715383,공학일반,공학일반
ART001767447,사회복지학,사회복지학
ART001072525,농학,사회학
ART002108270,공학일반,공학일반
ART001295114,사회복지학,사회복지학
ART001414727,농학,사회학
ART001351393,공학일반,공학일반
ART000972595,농학,사회학
ART001462473,농학,공학일반
ART001901401,사회복지학,사회학
ART001236579,사회학,사회학
ART001805076,사회복지학,사회학
ART001375795,전자/정보통신공학,전자/정보통신공학
ART000933346,공학일반,전자/정보통신공학
ART001442696,농학,농학
ART001479046,농학,농학
ART001954187,전자/정보통신공학,전자/정보통신공학
ART001124113,농학,농학
ART001588352,농학,농학
ART001889587,전자/정보통신공학,전자/정보통신공학
ART001608692,전자/정보통신공학,전자/정보통신공학
ART001589979,사회복지학,사회학
ART001517974,농학,농학
ART001647605,전자/정보통신공학,전자/정보통신공학
ART001614936,농학,공학일반
ART001501156,농학,농학
ART002092246,사회학,사회학
ART002002692,사회복지학,공학일반
ART001598977,전자/정보통신공학,전자/정보통신공학
ART002032351,사회복지학,사회학
ART001322958,농학,전자/정보통신공학
ART001450323,농학,농학
ART002069974,농학,공학일반
ART001295429,농학,농학
ART001333545,농학,농학
ART001534751,사회복지학,사회학
ART002127242,전자/정보통신공학,전자/정보통신공학
ART002032548,사회학,사회학
ART002074704,사회복지학,사회학
ART001891103,농학,농학
ART001200804,사회학,사회학
ART001309492,공학일반,공학일반
ART001534412,농학,농학
ART002024835,농학,사회학
ART001224152,사회복지학,공학일반
ART001870909,전자/정보통신공학,전자/정보통신공학
ART001927050,사회복지학,사회복지학
ART002086997,전자/정보통신공학,전자/정보통신공학
ART001573712,전자/정보통신공학,전자/정보통신공학
ART001677099,사회복지학,사회복지학
ART001865702,사회복지학,사회복지학
ART001354543,전자/정보통신공학,전자/정보통신공학
ART001844793,농학,농학
ART001481808,공학일반,공학일반
ART001784911,사회복지학,사회학
ART001620341,농학,공학일반
ART001696432,공학일반,공학일반
ART001716184,사회학,사회학
ART001905244,사회복지학,사회복지학
ART001584079,농학,농학
ART001464281,농학,농학
ART001788852,전자/정보통신공학,전자/정보통신공학
ART001403663,농학,농학
ART001726501,사회복지학,사회학
ART002127247,전자/정보통신공학,전자/정보통신공학
ART001781381,농학,농학
ART001260970,사회학,사회학
ART002081472,사회복지학,사회복지학
ART001613611,사회복지학,사회학
ART002142365,농학,농학
ART001260733,전자/정보통신공학,전자/정보통신공학
ART001640967,농학,농학
ART001408498,농학,사회복지학
ART001297713,농학,공학일반
ART001544910,농학,농학
ART001908355,공학일반,사회학
ART001818958,전자/정보통신공학,전자/정보통신공학
ART000988969,농학,사회복지학
ART002074721,사회복지학,사회학
ART002032314,사회복지학,사회복지학
ART001769169,전자/정보통신공학,전자/정보통신공학
ART001260309,사회학,사회학
ART001737177,전자/정보통신공학,전자/정보통신공학
ART001414226,사회복지학,사회학
ART001788847,전자/정보통신공학,전자/정보통신공학
ART001999534,농학,농학
ART001373734,사회복지학,사회복지학
ART001930355,사회복지학,사회복지학
ART001562444,농학,농학
ART001643653,공학일반,공학일반
ART002060411,사회학,공학일반
ART001531169,전자/정보통신공학,사회학
ART001481747,사회복지학,사회복지학
ART001503039,농학,사회학
ART001562481,농학,농학
ART000990930,농학,전자/정보통신공학
ART001035668,농학,전자/정보통신공학
ART001711619,전자/정보통신공학,전자/정보통신공학
ART000932339,사회복지학,사회학
ART002041243,농학,전자/정보통신공학
ART002081582,전자/정보통신공학,공학일반
ART001728773,농학,농학
ART001136925,사회복지학,사회복지학
ART002002765,농학,공학일반
ART001534753,사회복지학,공학일반
ART001444436,사회학,사회학
ART001768569,농학,농학
ART001463680,전자/정보통신공학,전자/정보통신공학
ART001252448,공학일반,공학일반
ART001582367,사회학,사회학
ART001950525,전자/정보통신공학,전자/정보통신공학
ART000975635,공학일반,전자/정보통신공학
ART001774321,사회복지학,사회복지학
ART001148197,농학,농학
ART001830396,사회복지학,사회복지학
ART001124141,농학,농학
ART001726496,사회복지학,사회복지학
ART001850063,공학일반,공학일반
ART001151390,사회복지학,사회복지학
ART000922431,농학,사회복지학
ART001834492,농학,농학
ART001598813,농학,공학일반
ART001606400,사회복지학,사회복지학
ART001533832,사회복지학,사회복지학
ART001985415,농학,농학
ART000922425,농학,사회복지학
ART001276018,농학,공학일반
ART001325858,사회복지학,사회복지학
ART002117823,사회복지학,사회학
ART001709241,공학일반,공학일반
ART001944121,사회복지학,사회학
ART001850069,공학일반,공학일반
ART001899191,전자/정보통신공학,사회학
ART001668169,전자/정보통신공학,전자/정보통신공학
ART001110052,사회복지학,사회학
ART000889450,농학,농학
ART002117863,사회복지학,공학일반
ART001394326,공학일반,공학일반
ART001384604,공학일반,공학일반
ART001892502,사회복지학,사회복지학
ART002092216,사회학,사회학
ART001293410,사회학,농학
ART002087285,사회복지학,사회복지학
ART002147573,농학,농학
ART001394316,공학일반,공학일반
ART001977510,전자/정보통신공학,사회복지학
ART001461990,농학,사회복지학
ART001832463,사회복지학,사회복지학
ART001899151,전자/정보통신공학,전자/정보통신공학
ART001393953,사회복지학,사회복지학
ART000980764,농학,사회복지학
ART001141010,사회학,사회학
ART001262287,전자/정보통신공학,전자/정보통신공학
ART001110488,사회복지학,사회복지학
ART002005523,사회복지학,사회복지학
ART001277068,사회복지학,사회복지학
ART001606141,농학,농학
ART001718044,사회학,사회학
ART001128303,사회복지학,사회복지학
ART001653251,전자/정보통신공학,농학
ART001730192,농학,농학
ART001425265,농학,농학
ART001808446,농학,농학
ART001610447,전자/정보통신공학,전자/정보통신공학
ART001906757,사회학,사회복지학
ART001945304,사회복지학,사회복지학
ART001616269,농학,농학
ART001714247,농학,농학
ART001768180,공학일반,농학
ART001842744,공학일반,사회학
ART001638757,전자/정보통신공학,전자/정보통신공학
ART001620967,농학,농학
ART001503037,농학,사회학
ART001582457,공학일반,공학일반
ART002089468,전자/정보통신공학,전자/정보통신공학
ART001640891,사회복지학,전자/정보통신공학
ART001081645,농학,농학
ART001027593,농학,농학
ART001053950,전자/정보통신공학,사회학
ART001768154,공학일반,공학일반
ART001856461,농학,농학
ART001366857,사회복지학,사회복지학
ART001282207,농학,농학
ART000929701,농학,농학
ART001833590,사회복지학,공학일반
ART001903560,농학,공학일반
ART001427330,사회복지학,공학일반
ART001656704,전자/정보통신공학,전자/정보통신공학
ART001709235,공학일반,공학일반
ART000944885,사회복지학,사회학
ART002060476,사회학,사회학
ART001389677,전자/정보통신공학,공학일반
ART001737188,전자/정보통신공학,전자/정보통신공학
ART001781920,전자/정보통신공학,전자/정보통신공학
ART001404755,농학,전자/정보통신공학
ART001750769,전자/정보통신공학,전자/정보통신공학
ART001218557,전자/정보통신공학,전자/정보통신공학
ART001616285,농학,공학일반
ART002121142,전자/정보통신공학,전자/정보통신공학
ART001357786,농학,공학일반
ART002127249,전자/정보통신공학,전자/정보통신공학
ART001818942,전자/정보통신공학,전자/정보통신공학
ART001559684,공학일반,공학일반
ART001009976,사회학,사회학
ART000969188,사회복지학,사회학
ART001400706,공학일반,공학일반
ART001749690,공학일반,공학일반
ART001853801,사회복지학,사회복지학
ART001279013,농학,농학
ART001294713,사회복지학,사회학
ART000999888,공학일반,사회복지학
ART000996100,공학일반,공학일반
ART001977855,사회복지학,사회복지학
ART001427324,사회복지학,사회복지학
ART001089005,농학,공학일반
ART001359458,공학일반,공학일반
ART001646041,공학일반,공학일반
ART001932206,농학,농학
ART002104504,공학일반,공학일반
ART002010831,사회학,사회학
ART002023252,전자/정보통신공학,사회학
ART001789395,전자/정보통신공학,전자/정보통신공학
ART001923146,전자/정보통신공학,전자/정보통신공학
ART002070504,전자/정보통신공학,농학
ART001932201,농학,농학
ART001716774,사회복지학,사회복지학
ART001374088,전자/정보통신공학,전자/정보통신공학
ART001909839,농학,농학
ART001566904,공학일반,농학
ART001819328,공학일반,공학일반
ART001074941,공학일반,사회학
ART001879900,사회복지학,사회학
ART000971365,농학,농학
ART001069484,사회복지학,사회복지학
ART001789391,전자/정보통신공학,전자/정보통신공학
ART001110135,사회복지학,사회학
ART001218981,공학일반,사회학
ART001404440,농학,농학
ART001618572,농학,농학
ART000994093,사회복지학,사회복지학
ART001606139,농학,농학
ART002121547,전자/정보통신공학,사회복지학
ART001306824,농학,농학
ART001817304,사회복지학,사회복지학
ART001557327,사회복지학,사회학
ART001999511,농학,농학
ART001735223,농학,농학
ART001256031,사회복지학,사회복지학
ART001678459,사회학,사회학
ART001342170,전자/정보통신공학,전자/정보통신공학
ART001003014,농학,농학
ART001977427,농학,사회학
ART001692084,농학,농학
ART002044813,전자/정보통신공학,전자/정보통신공학
ART001367526,농학,공학일반
ART001549001,공학일반,공학일반
ART001123946,농학,농학
ART001276007,농학,농학
ART002010573,전자/정보통신공학,전자/정보통신공학
ART001904249,사회복지학,사회복지학
ART001394329,공학일반,공학일반
ART001737168,전자/정보통신공학,전자/정보통신공학
ART002070017,농학,공학일반
ART001462469,농학,공학일반
ART002074731,사회복지학,사회학
ART002125001,공학일반,사회복지학
ART000988489,농학,사회복지학
ART002078583,농학,농학
ART001151136,사회복지학,사회복지학
ART002072161,농학,농학
ART001427335,사회복지학,사회복지학
ART001250255,공학일반,공학일반
ART001106462,사회학,공학일반
ART000997389,공학일반,사회학
ART001616274,농학,농학
ART001692064,농학,공학일반
ART001106512,사회학,사회학
ART001282455,농학,농학
ART001735195,농학,농학
ART001298343,농학,사회학
ART001279824,사회복지학,사회학
ART001690088,사회복지학,사회복지학
ART001615417,사회복지학,사회복지학
ART001638733,전자/정보통신공학,사회학
ART001223890,사회복지학,사회학
ART002086552,농학,사회학
ART002087280,사회복지학,사회복지학
ART002010804,사회학,사회학
ART001711778,전자/정보통신공학,전자/정보통신공학
ART001629153,사회학,사회학
ART001511931,사회학,사회학
ART001105897,사회학,사회학
ART001148771,농학,농학
ART000988730,농학,농학
ART001324255,사회학,사회학
ART002053882,농학,농학
ART001191911,사회복지학,사회복지학
ART001716172,사회학,사회학
ART001311357,전자/정보통신공학,사회학
ART000954669,사회복지학,사회학
ART001318363,공학일반,공학일반
ART002107095,전자/정보통신공학,전자/정보통신공학
ART001479381,전자/정보통신공학,전자/정보통신공학
ART001423610,농학,농학
ART002024153,사회복지학,사회복지학
ART001244858,전자/정보통신공학,전자/정보통신공학
ART001354506,전자/정보통신공학,전자/정보통신공학
ART001374149,공학일반,공학일반
ART001610838,전자/정보통신공학,공학일반
ART001548075,농학,농학
ART001106460,사회학,사회학
ART000955116,사회복지학,공학일반
ART001843580,농학,농학
ART002072148,농학,농학
ART001582468,공학일반,공학일반
ART001128347,사회복지학,사회복지학
ART001989215,공학일반,공학일반
ART001462058,농학,공학일반
ART001234885,농학,농학
ART001262108,농학,사회학
ART001224150,사회복지학,사회학
ART001105996,사회학,사회학
ART001492789,전자/정보통신공학,전자/정보통신공학
ART001750914,사회복지학,공학일반
ART001818426,농학,농학
ART001412034,농학,사회학
ART000876883,사회복지학,사회학
ART002004225,사회학,사회학
ART002142358,농학,농학
ART001065559,농학,농학
ART002090823,사회복지학,사회복지학
ART002006969,전자/정보통신공학,사회학
ART001956431,사회복지학,사회복지학
ART001901391,사회복지학,사회학
ART002053581,사회복지학,사회복지학
ART001676315,사회복지학,사회학
ART002109660,사회복지학,사회복지학
ART001389488,사회학,사회복지학
ART001357859,농학,사회복지학
ART001809061,공학일반,공학일반
ART001647548,농학,농학
ART001691656,공학일반,공학일반
ART001424464,농학,농학
ART001742938,공학일반,농학
ART001462478,농학,농학
ART001889613,전자/정보통신공학,전자/정보통신공학
ART001499369,농학,농학
ART002049580,사회복지학,사회복지학
ART001815338,공학일반,사회복지학
ART001781996,농학,공학일반
ART001289592,공학일반,사회복지학
ART001604486,전자/정보통신공학,공학일반
ART001897837,전자/정보통신공학,사회학
ART001838944,사회학,사회학
ART002090833,사회복지학,사회복지학
ART002142354,농학,농학
ART001245890,농학,농학
ART001786934,농학,공학일반
ART001901423,사회복지학,사회학
ART001825058,공학일반,공학일반
ART001413895,전자/정보통신공학,전자/정보통신공학
ART001735476,농학,농학
ART001448631,사회학,사회학
ART000997149,공학일반,사회복지학
ART001858505,전자/정보통신공학,전자/정보통신공학
ART001335892,농학,농학
ART001716107,사회복지학,사회학
ART001300433,공학일반,사회학
ART001954174,전자/정보통신공학,전자/정보통신공학
ART001458978,농학,농학
ART001335710,사회복지학,사회복지학
ART001381765,농학,농학
ART001726487,사회복지학,사회학
ART001511194,사회복지학,공학일반
ART001816759,농학,농학
ART002004317,사회학,사회학
ART001318387,공학일반,공학일반
ART001566955,공학일반,공학일반
ART001534757,사회복지학,공학일반
ART002041234,농학,농학
ART001830668,사회복지학,사회복지학
ART001858522,전자/정보통신공학,전자/정보통신공학
ART002089471,전자/정보통신공학,전자/정보통신공학
ART002024818,사회복지학,전자/정보통신공학
ART001136601,사회복지학,사회복지학
ART001136779,사회복지학,사회복지학
ART001514007,농학,농학
ART001818820,전자/정보통신공학,전자/정보통신공학
ART002047366,전자/정보통신공학,전자/정보통신공학
ART001566166,공학일반,농학
ART001742937,공학일반,공학일반
ART001960012,공학일반,공학일반
ART001945297,사회복지학,사회복지학
ART001774301,사회복지학,사회학
ART001541091,농학,사회학
ART001555724,농학,농학
ART001627885,사회학,사회학
ART001464286,농학,사회복지학
ART001389651,전자/정보통신공학,전자/정보통신공학
ART001891223,농학,농학
ART001580381,농학,농학
ART001716135,사회복지학,사회복지학
ART001726902,전자/정보통신공학,사회복지학
ART001668137,전자/정보통신공학,전자/정보통신공학
ART001124031,농학,공학일반
ART001842828,공학일반,사회학
ART001244264,사회복지학,사회복지학
ART001983591,전자/정보통신공학,전자/정보통신공학
ART001136355,사회복지학,사회복지학
ART001341847,사회복지학,공학일반
ART001245879,농학,사회학
ART001899676,공학일반,사회학
ART001650691,농학,농학
ART001224415,사회복지학,사회학
ART001934646,사회학,사회복지학
ART001620443,농학,농학
ART001448525,사회복지학,사회복지학
ART001022837,사회복지학,사회복지학
ART001842423,공학일반,공학일반
ART002089467,전자/정보통신공학,전자/정보통신공학
ART001516020,전자/정보통신공학,사회학
ART002041242,농학,공학일반
ART001866355,사회복지학,사회복지학
ART001690298,사회복지학,사회복지학
ART001105994,사회학,사회학
ART001414183,사회복지학,사회학
ART001346552,사회복지학,사회복지학
ART001566932,공학일반,공학일반
ART001916902,사회복지학,사회복지학
ART001791839,사회복지학,사회복지학
ART000990804,농학,농학
ART001927001,사회복지학,사회복지학
ART001191913,사회복지학,사회복지학
ART001190712,농학,사회복지학
ART001562433,농학,사회학
ART001136310,사회복지학,사회복지학
ART001944981,농학,농학
ART001291515,전자/정보통신공학,전자/정보통신공학
ART001374661,사회복지학,사회복지학
ART001867150,농학,농학
ART001248452,사회복지학,사회학
ART001801562,농학,농학
ART001582383,사회학,사회학
ART001693839,사회복지학,사회복지학
ART001370808,농학,사회학
ART001746864,전자/정보통신공학,전자/정보통신공학
ART001427241,공학일반,공학일반
ART001136922,사회복지학,사회복지학
ART001244266,사회복지학,사회복지학
ART001826127,사회학,사회학
ART001414223,사회복지학,사회복지학
ART002011165,사회복지학,사회복지학
ART000890067,사회복지학,사회학
ART001693915,사회복지학,공학일반
ART001601599,공학일반,공학일반
ART001009471,사회복지학,사회복지학
ART000954696,사회복지학,사회학
ART001750026,농학,공학일반
ART001834780,농학,사회복지학
ART001960019,공학일반,공학일반
ART002070032,농학,공학일반
ART001757353,농학,농학
ART001492939,사회학,사회학
ART001876343,공학일반,공학일반
ART001857433,농학,농학
ART001731570,공학일반,공학일반
ART001604498,공학일반,공학일반
ART001707904,전자/정보통신공학,사회학
ART001766398,사회복지학,사회학
ART002045782,공학일반,공학일반
ART001444600,공학일반,공학일반
ART001810128,사회복지학,사회복지학
ART001606410,사회복지학,사회복지학
ART000954666,사회복지학,사회학
ART001646388,사회복지학,사회학
ART001770220,공학일반,공학일반
ART001653233,전자/정보통신공학,전자/정보통신공학
ART001858507,전자/정보통신공학,전자/정보통신공학
ART001615039,농학,농학
ART001501149,농학,사회복지학
ART001492937,사회학,사회학
ART001494050,공학일반,공학일반
ART001462221,농학,공학일반
ART001820599,농학,농학
ART001493525,농학,농학
ART002020997,사회복지학,농학
ART001253531,공학일반,공학일반
ART001148443,농학,농학
ART002047225,전자/정보통신공학,전자/정보통신공학
ART001395866,농학,공학일반
ART001414201,전자/정보통신공학,전자/정보통신공학
ART001507372,사회복지학,사회복지학
ART002086556,농학,농학
ART001150881,사회복지학,사회학
ART001891472,농학,농학
ART001906669,전자/정보통신공학,사회학
ART002147578,농학,농학
ART001989190,공학일반,공학일반
ART001148497,농학,사회복지학
ART001300408,공학일반,공학일반
ART001728297,사회복지학,사회학
ART002046309,농학,농학
ART000878874,사회복지학,사회학
ART001291521,전자/정보통신공학,공학일반
ART002006965,전자/정보통신공학,전자/정보통신공학
ART001262280,전자/정보통신공학,사회학
ART001424601,농학,농학
ART001218792,전자/정보통신공학,전자/정보통신공학
ART002041341,전자/정보통신공학,전자/정보통신공학
ART001908345,공학일반,공학일반
ART001055020,농학,사회복지학
ART001568122,농학,농학
ART002046323,농학,농학
ART001798373,전자/정보통신공학,전자/정보통신공학
ART001849320,전자/정보통신공학,전자/정보통신공학
ART002053886,농학,농학
ART001246064,공학일반,공학일반
ART001692080,농학,사회학
ART001870841,전자/정보통신공학,농학
ART001279851,사회복지학,사회학
ART001036617,농학,농학
ART001069667,사회복지학,사회복지학
ART001768120,공학일반,공학일반
ART001849316,전자/정보통신공학,전자/정보통신공학
ART001881610,사회학,사회학
ART001499889,사회복지학,사회복지학
ART001464315,농학,농학
ART002006964,전자/정보통신공학,전자/정보통신공학
ART001412540,사회학,사회학
ART001341241,전자/정보통신공학,농학
ART001598759,농학,농학
ART001581724,농학,농학
ART001074652,사회복지학,사회학
ART001893941,농학,농학
ART001901532,사회복지학,사회학
ART001260735,전자/정보통신공학,전자/정보통신공학
ART002141595,전자/정보통신공학,전자/정보통신공학
ART001148601,농학,농학
ART001450031,사회복지학,사회복지학
ART001653249,전자/정보통신공학,전자/정보통신공학
ART001827967,공학일반,공학일반
ART001275286,전자/정보통신공학,농학
ART000878859,사회복지학,사회학
ART001537545,공학일반,공학일반
ART002149003,사회학,사회학
ART001637263,농학,농학
ART001644176,사회복지학,사회복지학
ART001444623,공학일반,공학일반
ART001823073,공학일반,전자/정보통신공학
ART001909736,농학,농학
ART002097442,농학,공학일반
ART001106103,사회학,사회학
ART001148198,농학,농학
ART001302332,사회복지학,사회학
ART001581870,사회복지학,농학
ART001789373,전자/정보통신공학,전자/정보통신공학
ART001901278,사회복지학,사회학
ART001202803,사회학,사회학
ART001801326,농학,농학
ART001659151,농학,농학
ART001297707,농학,농학
ART001110489,사회복지학,사회복지학
ART001659341,농학,농학
ART001389661,전자/정보통신공학,공학일반
ART001726495,사회복지학,사회복지학
ART001825070,공학일반,사회학
ART001263100,사회복지학,사회복지학
ART002009217,공학일반,공학일반
ART001148550,농학,농학
ART001055022,사회복지학,사회복지학
ART001503034,농학,농학
ART001252443,공학일반,공학일반
ART001481764,사회복지학,사회복지학
ART001659152,농학,공학일반
ART001686263,전자/정보통신공학,전자/정보통신공학
ART002121131,전자/정보통신공학,전자/정보통신공학
ART001106620,사회학,사회학
ART001444605,공학일반,공학일반
ART001518019,농학,농학
ART001555740,농학,농학
ART001690817,농학,농학
ART000996931,공학일반,공학일반
ART001833534,사회복지학,사회학
ART001749475,농학,농학
ART001105843,사회학,사회복지학
ART001797683,농학,사회복지학
ART001347303,사회복지학,전자/정보통신공학
ART001716106,사회복지학,사회학
ART001842531,사회복지학,사회학
ART001307637,사회학,전자/정보통신공학
ART001767448,사회복지학,사회학
ART002085525,사회복지학,사회학
ART002046300,농학,농학
ART001492709,전자/정보통신공학,전자/정보통신공학
ART001670280,전자/정보통신공학,전자/정보통신공학
ART001842894,공학일반,농학
ART001690078,사회복지학,사회복지학
ART001276038,농학,농학
ART001333232,농학,농학
ART001370821,농학,공학일반
ART001370766,농학,사회복지학
ART001400950,사회복지학,공학일반
ART001557064,사회학,사회학
ART001774311,사회복지학,사회학
ART001639415,농학,농학
ART001478513,농학,사회학
ART001443227,전자/정보통신공학,전자/정보통신공학
ART001054453,사회복지학,사회복지학
ART001632007,사회학,사회학
ART001909842,농학,농학
ART001448518,사회복지학,사회복지학
ART001735194,농학,농학
ART001610822,전자/정보통신공학,전자/정보통신공학
ART002090818,사회복지학,사회복지학
ART001768219,공학일반,사회학
ART001427344,사회복지학,공학일반
ART001544928,농학,농학
ART001951551,농학,농학
ART001477461,농학,농학
ART001309375,농학,농학
ART001787102,농학,농학
ART001548057,농학,농학
ART000996519,공학일반,공학일반
ART001610842,전자/정보통신공학,전자/정보통신공학
ART000867770,사회학,사회학
ART001686275,전자/정보통신공학,농학
ART001375782,전자/정보통신공학,전자/정보통신공학
ART001600063,농학,농학
ART001845574,전자/정보통신공학,전자/정보통신공학
ART002009288,공학일반,공학일반
ART001676886,사회복지학,사회복지학
ART001842350,사회복지학,사회복지학
ART001444612,공학일반,공학일반
ART001277152,사회복지학,사회복지학
ART001352814,사회복지학,사회학
ART001607724,사회복지학,사회복지학
ART001148600,농학,사회복지학
ART001395090,농학,농학
ART001854778,전자/정보통신공학,전자/정보통신공학
ART002125127,농학,공학일반
ART001534427,농학,농학
ART001769172,전자/정보통신공학,전자/정보통신공학
ART001549038,공학일반,공학일반
ART001294378,전자/정보통신공학,전자/정보통신공학
ART001666197,사회학,사회학
ART001845640,전자/정보통신공학,전자/정보통신공학
ART001891631,사회복지학,사회학
ART001562470,농학,사회학
ART001607755,사회복지학,사회학
ART001607758,사회복지학,사회복지학
ART001765502,농학,농학
ART001888606,농학,농학
ART002116702,농학,농학
ART001149081,농학,사회학
ART001532283,농학,농학
ART001899670,공학일반,사회학
ART001253865,사회학,사회학
ART001439090,농학,농학
ART001427352,사회복지학,사회학
ART001716772,사회복지학,사회복지학
ART002140895,사회복지학,사회복지학
ART002107094,전자/정보통신공학,전자/정보통신공학
ART001789389,전자/정보통신공학,전자/정보통신공학
ART001361328,사회학,사회학
ART001395326,사회복지학,사회복지학
ART001820542,농학,농학
ART001106564,사회학,사회학
ART001374073,전자/정보통신공학,사회복지학
ART001277058,사회복지학,사회학
ART000977856,사회복지학,사회복지학
ART001393924,사회복지학,사회복지학
ART001276061,농학,농학
ART001220245,농학,농학
ART001901468,사회복지학,사회학
ART002034943,사회복지학,사회학
ART002047227,사회학,사회학
ART001209011,공학일반,사회학
ART001802263,전자/정보통신공학,전자/정보통신공학
ART001309237,농학,농학
ART001280146,공학일반,공학일반
ART001262289,전자/정보통신공학,공학일반
ART002041251,농학,농학
ART001659347,농학,농학
ART001710791,농학,농학
ART001514081,농학,농학
ART001773737,사회복지학,사회복지학
ART001055730,사회복지학,사회복지학
ART001499238,농학,농학
ART001448110,사회복지학,사회복지학
ART001229247,사회복지학,사회학
ART001788784,전자/정보통신공학,사회학
ART001557312,사회복지학,사회복지학
ART001627890,사회학,사회학
ART001690796,농학,농학
ART000873544,사회학,사회학
ART001423645,농학,농학
ART001640906,사회복지학,사회복지학
ART001901123,공학일반,공학일반
ART001802259,전자/정보통신공학,농학
ART001729480,농학,농학
ART001696307,공학일반,공학일반
ART000922428,농학,사회복지학
ART002072303,농학,농학
ART001293394,사회학,사회학
ART000929698,농학,사회복지학
ART001455976,사회복지학,사회학
ART001800668,전자/정보통신공학,전자/정보통신공학
ART001540013,사회복지학,사회학
ART002121643,전자/정보통신공학,사회복지학
ART001358612,농학,농학
ART001962013,사회복지학,사회학
ART001962007,사회복지학,사회복지학
ART002045793,공학일반,공학일반
ART001899179,전자/정보통신공학,농학
ART001441034,사회복지학,사회학
ART000996526,공학일반,사회학
ART000962934,사회학,사회학
ART001629189,사회학,사회학
ART002041523,사회복지학,사회복지학
ART001458905,공학일반,공학일반
ART002032497,사회학,사회학
ART001876336,공학일반,공학일반
ART001367525,농학,농학
ART002142364,농학,농학
ART001588341,농학,농학
ART001439104,농학,농학
ART001604302,전자/정보통신공학,전자/정보통신공학
ART001692074,농학,농학
ART001637288,농학,농학
ART001853768,농학,농학
ART001357771,농학,농학
ART001358568,농학,사회복지학
ART001296007,사회복지학,사회복지학
ART002098295,농학,농학
ART001027595,농학,농학
ART001194281,농학,사회학
ART001677770,공학일반,공학일반
ART001448142,사회복지학,사회복지학
ART001243071,사회복지학,사회복지학
ART001248793,사회복지학,사회복지학
ART002080101,농학,사회복지학
ART001481766,공학일반,공학일반
ART001880892,농학,공학일반
ART001464296,농학,농학
ART000980876,농학,사회복지학
ART002009281,공학일반,공학일반
ART001966904,농학,농학
ART001820520,농학,농학
ART001889588,전자/정보통신공학,사회학
ART002121151,전자/정보통신공학,전자/정보통신공학
ART001914582,농학,농학
ART001750776,전자/정보통신공학,전자/정보통신공학
ART001410356,전자/정보통신공학,전자/정보통신공학
ART001427245,공학일반,공학일반
ART001730563,농학,농학
ART001965762,전자/정보통신공학,전자/정보통신공학
ART001834467,농학,농학
ART002121646,전자/정보통신공학,사회복지학
ART001464276,농학,전자/정보통신공학
ART001858515,전자/정보통신공학,전자/정보통신공학
ART001788838,전자/정보통신공학,전자/정보통신공학
ART002068850,전자/정보통신공학,공학일반
ART001352926,사회복지학,사회복지학
ART001638992,농학,농학
ART001564602,농학,공학일반
ART001318377,공학일반,공학일반
ART001909838,농학,농학
ART002116364,농학,농학
ART002109636,사회복지학,사회복지학
ART001993018,사회복지학,사회학
ART001914350,사회복지학,사회학
ART002106095,농학,농학
ART001148928,농학,농학
ART001478026,사회복지학,사회복지학
ART001914552,농학,사회학
ART001614690,사회복지학,사회복지학
ART001567549,전자/정보통신공학,전자/정보통신공학
ART002073662,전자/정보통신공학,전자/정보통신공학
ART001482552,사회복지학,사회복지학
ART002080094,농학,농학
ART001198802,농학,전자/정보통신공학
ART001442676,농학,농학
ART002090816,사회복지학,사회복지학
ART001820582,농학,농학
ART001647790,사회복지학,공학일반
ART001843592,농학,농학
ART001828065,공학일반,공학일반
ART001842766,공학일반,공학일반
ART001659148,농학,공학일반
ART002073652,전자/정보통신공학,전자/정보통신공학
ART002104968,전자/정보통신공학,사회학
ART001428242,농학,농학
ART001638666,사회복지학,사회복지학
ART001003015,농학,농학
ART001428244,농학,농학
ART001437244,사회복지학,사회복지학
ART001640938,농학,전자/정보통신공학
ART001707895,전자/정보통신공학,전자/정보통신공학
ART001796960,사회복지학,사회복지학
ART001843604,농학,농학
ART002037803,농학,농학
ART001493595,농학,농학
ART001959997,공학일반,공학일반
ART002145472,사회복지학,사회복지학
ART001677189,농학,공학일반
ART002092263,사회학,사회학
ART001106513,사회학,사회학
ART001843549,공학일반,공학일반
ART001677183,농학,농학
ART001839462,전자/정보통신공학,사회학
ART001106052,사회학,사회학
ART002086286,공학일반,사회학
ART001968299,사회복지학,사회복지학
ART001464298,농학,전자/정보통신공학
ART001638656,사회복지학,사회복지학
ART002045825,공학일반,공학일반
ART001675929,공학일반,공학일반
ART001825072,공학일반,사회학
ART001302347,사회복지학,사회학
ART002121663,전자/정보통신공학,전자/정보통신공학
ART001379340,전자/정보통신공학,전자/정보통신공학
ART001901248,사회복지학,사회학
ART001404704,농학,사회학
ART001358602,농학,농학
ART001728662,농학,농학
ART001555730,농학,농학
ART001664047,사회복지학,사회복지학
ART001128445,사회복지학,사회복지학
ART001857118,공학일반,사회학
ART001324805,사회복지학,사회복지학
ART001478003,사회복지학,사회학
ART001632494,전자/정보통신공학,전자/정보통신공학
ART001750472,전자/정보통신공학,전자/정보통신공학
ART001888574,농학,농학
ART001128537,사회복지학,사회복지학
ART001692081,농학,농학
ART001981758,사회복지학,사회복지학
ART001690297,사회복지학,공학일반
ART001653259,전자/정보통신공학,전자/정보통신공학
ART001014478,농학,농학
ART001965760,전자/정보통신공학,사회학
ART001458797,공학일반,공학일반
ART002142356,농학,농학
ART001402784,농학,사회복지학
ART002065714,사회복지학,사회복지학
ART001845590,전자/정보통신공학,농학
ART001341843,사회복지학,공학일반
ART001956427,사회복지학,사회복지학
ART001736632,전자/정보통신공학,전자/정보통신공학
ART001582296,전자/정보통신공학,사회학
ART001128193,사회복지학,사회복지학
ART001607762,사회복지학,사회복지학
ART001897778,전자/정보통신공학,전자/정보통신공학
ART001436466,공학일반,공학일반
ART001295110,사회복지학,사회복지학
ART001105847,사회학,사회학
ART001619865,사회학,사회학
ART002012873,사회학,사회학
ART001888535,농학,농학
ART001637102,사회복지학,사회학
ART001260739,전자/정보통신공학,사회학
ART001141061,사회학,사회학
ART000873501,사회학,사회학
ART001749502,사회복지학,전자/정보통신공학
ART001843519,공학일반,농학
ART001407079,농학,농학
ART001715912,사회복지학,사회복지학
ART001773704,사회복지학,사회학
ART002137772,사회복지학,사회복지학
ART001951512,농학,농학
ART001758014,사회복지학,사회복지학
ART001329174,사회복지학,사회복지학
ART001818913,전자/정보통신공학,전자/정보통신공학
ART001110407,사회복지학,사회복지학
ART001906749,사회학,사회복지학
ART001767468,사회복지학,사회복지학
ART001800942,공학일반,공학일반
ART001966215,전자/정보통신공학,사회복지학
ART001455988,사회복지학,사회복지학
ART002075570,사회복지학,사회복지학
ART001400526,공학일반,공학일반
ART001352933,사회복지학,사회복지학
ART001650693,농학,공학일반
ART002075732,사회복지학,사회복지학
ART001390078,공학일반,공학일반
ART001749676,공학일반,사회학
ART001341250,전자/정보통신공학,사회복지학
ART001819320,공학일반,공학일반
ART001448632,사회학,사회학
ART001992996,사회복지학,농학
ART001055017,사회복지학,사회복지학
ART001136970,사회복지학,공학일반
ART001337616,공학일반,공학일반
ART001865434,농학,농학
ART001335638,공학일반,공학일반
ART001686274,전자/정보통신공학,전자/정보통신공학
ART001296000,사회복지학,사회복지학
ART002119951,사회학,사회학
ART000878864,사회복지학,사회학
ART001901407,사회복지학,사회학
ART001148711,농학,농학
ART002046318,농학,농학
ART001346558,사회복지학,사회복지학
ART001256682,농학,사회복지학
ART001815306,공학일반,사회복지학
ART000879170,사회복지학,사회학
ART001335891,농학,농학
ART002072153,농학,농학
ART001924698,농학,농학
ART000879167,사회복지학,사회학
ART001532560,공학일반,공학일반
ART001932211,농학,전자/정보통신공학
ART001818935,전자/정보통신공학,전자/정보통신공학
ART001639140,사회학,공학일반
ART001236001,사회학,사회학
ART001991460,공학일반,공학일반
ART001442598,농학,농학
ART001151187,사회복지학,사회학
ART001245887,농학,농학
ART001735475,농학,농학
ART001550356,농학,농학
ART001858502,전자/정보통신공학,전자/정보통신공학
ART000929720,농학,농학
ART002074712,사회복지학,농학
ART001150883,사회복지학,사회복지학
ART000901454,사회복지학,사회학
ART001410723,전자/정보통신공학,전자/정보통신공학
ART001218786,전자/정보통신공학,사회학
ART001809774,사회복지학,사회복지학
ART001111840,공학일반,사회복지학
ART002080100,농학,전자/정보통신공학
ART001298223,농학,농학
ART000908179,농학,사회복지학
ART001726493,사회복지학,사회복지학
ART002121132,전자/정보통신공학,전자/정보통신공학
ART001256379,농학,공학일반
ART001499583,사회학,사회학
ART001858503,전자/정보통신공학,전자/정보통신공학
ART001309358,전자/정보통신공학,전자/정보통신공학
ART001432003,사회복지학,사회복지학
ART002062981,농학,농학
ART001544916,농학,농학
ART001967294,공학일반,공학일반
ART001010650,사회학,사회학
ART000973969,사회복지학,사회복지학
ART002136304,사회복지학,공학일반
ART001997924,사회학,사회학
ART001953456,농학,농학
ART001598770,농학,농학
ART002090835,사회복지학,사회학
ART001979696,농학,농학
ART001245066,전자/정보통신공학,사회복지학
ART001282470,농학,농학
ART001243635,사회복지학,사회학
ART001406928,농학,전자/정보통신공학
ART002041239,농학,농학
ART001638973,농학,농학
ART001219648,농학,사회복지학
ART002023429,전자/정보통신공학,전자/정보통신공학
ART001498039,공학일반,공학일반
ART001679963,전자/정보통신공학,전자/정보통신공학
ART002107435,사회학,사회학
ART001151041,사회복지학,사회학
ART001295105,사회복지학,사회복지학
ART001306828,농학,농학
ART001030774,사회복지학,사회복지학
ART001257504,공학일반,공학일반
ART001488203,사회복지학,사회복지학
ART001494040,공학일반,공학일반
ART000973592,사회복지학,사회복지학
ART001947611,농학,사회복지학
ART001656655,공학일반,공학일반
ART001581677,농학,농학
ART001788778,전자/정보통신공학,전자/정보통신공학
ART001564552,농학,공학일반
ART002037798,농학,농학
ART001658286,사회학,사회학
ART001208512,농학,농학
ART001055028,사회복지학,사회학
ART001347284,사회복지학,사회복지학
ART002040632,사회복지학,사회복지학
ART001106158,사회학,사회복지학
ART001712006,전자/정보통신공학,전자/정보통신공학
ART001501186,농학,농학
ART001324804,사회복지학,사회학
ART001646398,사회복지학,사회학
ART001614964,농학,농학
ART001534405,농학,농학
ART001834866,농학,농학
ART001904259,사회복지학,사회복지학
ART001615186,농학,농학
ART001653228,전자/정보통신공학,전자/정보통신공학
ART001122530,전자/정보통신공학,전자/정보통신공학
ART001750025,농학,공학일반
ART002053902,공학일반,농학
ART000954700,사회복지학,사회학
ART001995053,사회복지학,사회복지학
ART001544908,농학,농학
ART001124114,농학,농학
ART001252450,공학일반,공학일반
ART002081589,전자/정보통신공학,전자/정보통신공학
ART002081595,전자/정보통신공학,농학
ART001347282,사회복지학,사회학
ART001338565,공학일반,공학일반
ART001499059,사회복지학,사회학
ART001666802,사회복지학,사회복지학
ART001253412,전자/정보통신공학,전자/정보통신공학
ART001601582,공학일반,공학일반
ART001944008,사회복지학,사회학
ART001324798,사회복지학,사회복지학
ART001218790,전자/정보통신공학,전자/정보통신공학
ART001800948,공학일반,공학일반
ART001939152,사회학,사회학
ART001828055,공학일반,공학일반
ART001735179,농학,농학
ART001730707,농학,농학
ART000988740,농학,농학
ART001664615,농학,사회학
ART001620783,농학,농학
ART001448595,사회복지학,사회학
ART001517958,농학,농학
ART001991467,공학일반,공학일반
ART001499062,사회복지학,사회학
ART001991450,공학일반,공학일반
ART001930328,사회복지학,사회학
ART001604483,공학일반,공학일반
ART001477714,사회복지학,사회복지학
ART000879156,사회복지학,사회학
ART001869209,농학,농학
ART001800922,공학일반,공학일반
ART002073802,사회복지학,사회학
ART001708494,농학,농학
ART002142361,농학,농학
ART001151040,사회복지학,사회학
ART001906754,사회학,사회복지학
ART000977447,농학,공학일반
ART001746916,전자/정보통신공학,전자/정보통신공학
ART001516044,전자/정보통신공학,전자/정보통신공학
ART001514099,농학,농학
ART002107106,전자/정보통신공학,전자/정보통신공학
ART001665968,농학,농학
ART001394918,사회복지학,사회학
ART001450039,사회복지학,사회복지학
ART001389721,전자/정보통신공학,전자/정보통신공학
ART001223898,사회복지학,사회복지학
ART002004297,사회학,사회학
ART001393696,사회복지학,사회복지학
ART001427231,공학일반,공학일반
ART001563907,사회복지학,공학일반
ART001282215,농학,사회복지학
ART001442330,전자/정보통신공학,전자/정보통신공학
ART001149025,농학,농학
ART002085512,사회복지학,사회복지학
ART001817266,농학,사회학
ART001256083,전자/정보통신공학,사회학
ART002010811,사회학,사회학
ART001362141,전자/정보통신공학,사회복지학
ART001275709,사회복지학,사회복지학
ART001128046,사회복지학,사회복지학
ART001384607,공학일반,공학일반
ART001666779,사회복지학,전자/정보통신공학
ART001403046,사회복지학,사회복지학
ART001362540,전자/정보통신공학,전자/정보통신공학
ART002046525,사회복지학,사회복지학
ART001464283,농학,농학
ART001810430,사회복지학,사회학
ART001136404,사회복지학,사회복지학
ART000889461,농학,공학일반
ART002072157,농학,농학
ART001704689,전자/정보통신공학,전자/정보통신공학
ART001893716,사회복지학,사회복지학
ART001677166,농학,농학
ART002039676,사회복지학,사회복지학
ART001548093,농학,공학일반
ART001395865,농학,공학일반
ART001403011,사회복지학,공학일반
ART001631990,사회학,사회학
ART001488207,사회복지학,사회복지학
ART001939823,사회학,사회학
ART001401503,공학일반,공학일반
ART001147993,농학,농학
ART001909289,사회복지학,사회복지학
ART001346066,농학,농학
ART001358574,농학,농학
ART002150223,사회복지학,사회복지학
ART001690068,사회복지학,사회복지학
ART002072316,농학,농학
ART002010479,농학,공학일반
ART001297685,농학,농학
ART002046314,농학,농학
ART001325888,사회복지학,사회복지학
ART002072162,농학,농학
ART001471110,공학일반,공학일반
ART001346213,농학,농학
ART001769155,전자/정보통신공학,전자/정보통신공학
ART001615230,농학,농학
ART002053925,공학일반,공학일반
ART001231722,사회복지학,사회복지학
ART001786873,농학,농학
ART001892946,사회학,사회학
ART001219645,농학,사회학
ART001710813,농학,공학일반
ART002024790,사회복지학,공학일반
ART001901386,사회복지학,사회학
ART001499861,사회복지학,사회학
ART001052269,사회복지학,사회복지학
ART000873543,사회학,사회학
ART002089466,전자/정보통신공학,전자/정보통신공학
ART001656664,공학일반,공학일반
ART001395870,농학,농학
ART002090850,사회복지학,공학일반
ART001901396,사회복지학,사회학
ART001711782,전자/정보통신공학,전자/정보통신공학
ART001366860,사회복지학,사회복지학
ART002011177,사회복지학,사회복지학
ART001070318,공학일반,공학일반
ART001110491,사회복지학,사회학
ART001478777,사회학,사회복지학
ART001869233,농학,사회학
ART001436456,공학일반,공학일반
ART001031350,사회학,사회학
ART001646405,사회복지학,사회복지학
ART001692059,농학,농학
ART001803055,사회복지학,사회학
ART001845571,전자/정보통신공학,전자/정보통신공학
ART001838051,농학,농학
ART002122038,사회학,사회학
ART001872194,전자/정보통신공학,농학
ART000932228,사회복지학,사회복지학
ART001468502,사회복지학,사회복지학
ART001620432,농학,농학
ART001325870,사회복지학,사회복지학
ART001882430,전자/정보통신공학,전자/정보통신공학
ART001821729,사회복지학,사회복지학
ART000969676,농학,사회복지학
ART001564607,농학,농학
ART001810436,사회복지학,사회복지학
ART002010475,사회복지학,사회복지학
ART001730766,농학,사회학
ART001718316,전자/정보통신공학,전자/정보통신공학
ART001774476,농학,농학
ART001788033,공학일반,공학일반
ART001566852,공학일반,공학일반
ART001324480,사회복지학,사회복지학
ART001128396,사회복지학,사회복지학
ART001324474,사회복지학,사회복지학
ART001464284,농학,농학
ART000867878,사회학,사회학
ART001797729,농학,농학
ART001692014,전자/정보통신공학,사회복지학
ART001659337,농학,농학
ART001747130,농학,농학
ART002121152,전자/정보통신공학,전자/정보통신공학
ART001909759,농학,농학
ART001106258,사회학,사회학
ART001393965,사회복지학,사회복지학
ART001389654,전자/정보통신공학,사회복지학
ART002075389,사회복지학,사회복지학
ART001136927,사회복지학,사회복지학
ART001607632,사회학,사회학
ART002000529,농학,사회학
ART002087306,사회복지학,사회복지학
ART001439101,농학,농학
ART001614809,사회복지학,농학
ART001874248,사회학,사회학
ART002053879,농학,사회학
ART001856264,사회학,사회학
ART001425170,전자/정보통신공학,전자/정보통신공학
ART000939044,사회학,사회학
ART001054144,전자/정보통신공학,공학일반
ART001601596,공학일반,공학일반
ART001716767,사회복지학,사회복지학
ART001311360,전자/정보통신공학,전자/정보통신공학
ART001690790,농학,사회복지학
ART001373670,사회복지학,사회복지학
ART000922430,농학,전자/정보통신공학
ART001502979,공학일반,공학일반
ART002092029,사회복지학,사회복지학
ART001530994,농학,사회학
ART001148199,농학,농학
ART001505732,사회복지학,사회복지학
ART001868253,전자/정보통신공학,전자/정보통신공학
ART001639167,사회학,공학일반
ART002129340,농학,농학
ART001539991,사회복지학,사회학
ART001954578,사회복지학,사회복지학
ART001812168,전자/정보통신공학,전자/정보통신공학
ART000963780,농학,농학
ART001613617,전자/정보통신공학,사회학
ART001351390,공학일반,공학일반
ART001357802,농학,농학
ART001325860,사회복지학,사회복지학
ART001427222,공학일반,공학일반
ART001640905,사회복지학,사회복지학
ART001150940,사회복지학,전자/정보통신공학
ART002074607,사회복지학,사회복지학
ART001670323,전자/정보통신공학,사회학
ART001148604,농학,농학
ART002138104,사회복지학,사회복지학
ART001298227,농학,농학
ART001297714,농학,농학
ART001914647,농학,농학
ART001283522,전자/정보통신공학,전자/정보통신공학
ART001311923,농학,농학
ART002107104,전자/정보통신공학,전자/정보통신공학
ART001871811,전자/정보통신공학,전자/정보통신공학
ART001582401,공학일반,공학일반
ART001584992,사회복지학,사회복지학
ART001302304,사회복지학,사회학
ART001696316,공학일반,공학일반
ART002070596,공학일반,공학일반
ART001637274,농학,농학
ART001610854,전자/정보통신공학,전자/정보통신공학
ART001598750,농학,농학
ART001518063,농학,농학
ART002045818,공학일반,공학일반
ART002074604,사회복지학,사회복지학
ART001750453,전자/정보통신공학,전자/정보통신공학
ART002104965,전자/정보통신공학,공학일반
ART002075278,사회복지학,사회복지학
ART001933984,사회복지학,사회복지학
ART001874260,사회학,사회복지학
ART001598807,농학,농학
ART002023418,전자/정보통신공학,전자/정보통신공학
ART001927038,사회복지학,사회복지학
ART001619712,농학,농학
ART001985414,농학,농학
ART001488197,사회복지학,사회복지학
ART001675681,농학,농학
ART001643655,공학일반,공학일반
ART001895075,공학일반,공학일반
ART001346070,농학,공학일반
ART002079637,공학일반,공학일반
ART001295594,농학,농학
ART000984969,사회복지학,사회복지학
ART001375626,농학,사회학
ART001557319,사회복지학,사회복지학
ART001477630,농학,사회복지학
ART001324273,사회학,사회학
ART001279009,농학,농학
ART001208741,사회복지학,사회복지학
ART001027596,농학,사회복지학
ART001857110,공학일반,공학일반
ART001613544,전자/정보통신공학,전자/정보통신공학
ART001223900,사회복지학,사회복지학
ART001990980,사회학,사회학
ART001518067,농학,농학
ART001366813,사회복지학,사회복지학
ART001677781,공학일반,공학일반
ART002010464,사회복지학,사회복지학
ART001993005,사회복지학,사회복지학
ART001323925,전자/정보통신공학,전자/정보통신공학
ART001347187,사회복지학,사회복지학
ART001820574,농학,농학
ART002037778,농학,농학
ART001282224,농학,사회복지학
ART001256033,사회복지학,사회복지학
ART001614846,농학,농학
ART001425135,농학,농학
ART002053931,농학,농학
ART001300456,공학일반,사회학
ART000877176,사회복지학,사회학
ART001444621,공학일반,농학
ART001874983,사회복지학,사회복지학
ART002118801,사회복지학,사회복지학
ART001567750,사회학,사회학
ART001468510,사회복지학,사회복지학
ART001639154,사회학,사회학
ART000929719,농학,사회복지학
ART001839445,전자/정보통신공학,공학일반
ART001124191,농학,공학일반
ART001395185,농학,농학
ART002074729,사회복지학,사회학
ART001989179,공학일반,공학일반
ART001615442,사회복지학,사회복지학
ART001925052,농학,전자/정보통신공학
ART001901113,공학일반,공학일반
ART001888600,농학,농학
ART001898076,전자/정보통신공학,전자/정보통신공학
ART001354603,전자/정보통신공학,농학
ART001462039,농학,농학
ART001677720,공학일반,공학일반
ART000873549,사회학,사회학
ART001054552,농학,사회학
ART001686282,전자/정보통신공학,전자/정보통신공학
ART001532540,공학일반,공학일반
ART001384608,공학일반,공학일반
ART001797734,농학,농학
ART001858517,전자/정보통신공학,전자/정보통신공학
ART001765331,전자/정보통신공학,사회학
ART001346550,사회복지학,사회복지학
ART001736392,사회복지학,사회복지학
ART001448081,사회복지학,사회복지학
ART001881611,사회학,사회학
ART001342168,전자/정보통신공학,전자/정보통신공학
ART001892499,사회복지학,사회복지학
ART001400551,공학일반,공학일반
ART001425155,농학,농학
ART001808186,농학,농학
ART001876372,공학일반,공학일반
ART002104466,공학일반,사회학
ART001395315,사회복지학,사회복지학
ART001402998,사회복지학,사회복지학
ART001811296,농학,농학
ART001484507,농학,농학
ART001462062,농학,농학
ART002090840,사회복지학,사회복지학
ART001914326,사회복지학,사회학
ART001857114,공학일반,공학일반
ART002028215,사회학,사회복지학
ART001817315,사회복지학,사회복지학
ART002126021,사회복지학,사회복지학
ART001793789,공학일반,공학일반
ART001128097,사회복지학,사회복지학
ART001562477,농학,농학
ART000997390,공학일반,공학일반
ART001666599,사회복지학,사회복지학
ART001742940,공학일반,공학일반
ART001156456,공학일반,공학일반
ART001414191,사회복지학,사회복지학
ART001677177,농학,농학
ART001788848,전자/정보통신공학,전자/정보통신공학
ART002005518,사회복지학,사회복지학
ART001333506,농학,농학
ART001927129,농학,농학
ART001856720,사회복지학,사회학
ART001032247,농학,사회복지학
ART001710805,농학,농학
ART001151235,사회복지학,사회학
ART001245819,공학일반,공학일반
ART002053920,공학일반,공학일반
ART001511172,사회복지학,사회복지학
ART001801104,사회복지학,사회복지학
ART002087008,전자/정보통신공학,전자/정보통신공학
ART002109681,사회복지학,사회복지학
ART002104759,전자/정보통신공학,전자/정보통신공학
ART001380926,농학,사회학
ART001901428,사회복지학,사회학
ART001462056,농학,농학
ART001904257,사회복지학,사회복지학
ART001598756,농학,공학일반
ART001379431,전자/정보통신공학,농학
ART001279862,사회복지학,사회복지학
ART001726771,전자/정보통신공학,전자/정보통신공학
ART001032109,농학,농학
ART001547296,사회학,사회복지학
ART001643654,공학일반,공학일반
ART000988970,농학,농학
ART002032345,사회복지학,사회학
ART001477459,농학,전자/정보통신공학
ART001838055,농학,농학
ART000908180,농학,농학
ART001550338,농학,공학일반
ART001200470,사회학,공학일반
ART001219656,농학,사회복지학
ART001151038,사회복지학,사회학
ART000973970,사회복지학,사회복지학
ART001582452,공학일반,공학일반
ART002119826,사회학,사회학
ART001711610,전자/정보통신공학,사회학
ART001698539,농학,농학
ART001749871,사회복지학,사회복지학
ART001151237,사회복지학,사회학
ART001150663,사회복지학,사회복지학
ART001843587,농학,농학
ART002019043,농학,농학
ART001800551,사회복지학,사회복지학
ART001967264,공학일반,공학일반
ART001879896,사회복지학,사회복지학
ART001149127,농학,농학
ART001696453,공학일반,공학일반
ART002090810,사회복지학,사회학
ART001925162,사회학,사회학
ART001716776,사회복지학,사회복지학
ART001838040,농학,사회복지학
ART001800732,전자/정보통신공학,전자/정보통신공학
ART001225566,농학,사회복지학
ART001646422,사회복지학,사회복지학
ART002003628,사회학,사회학
ART001616278,농학,농학
ART001128681,사회복지학,사회복지학
ART002090374,사회복지학,사회복지학
ART001608251,전자/정보통신공학,전자/정보통신공학
ART001477634,농학,농학
ART001753836,사회복지학,사회학
ART001402969,사회복지학,공학일반
ART001399230,사회복지학,사회복지학
ART001965764,전자/정보통신공학,전자/정보통신공학
ART001148438,농학,사회복지학
ART002002897,사회복지학,사회복지학
ART001063237,사회복지학,공학일반
ART001198600,농학,사회복지학
ART001967171,농학,농학
ART002125112,농학,공학일반
ART001583853,농학,농학
ART002086268,공학일반,사회복지학
ART001410440,전자/정보통신공학,공학일반
ART001219653,농학,농학
ART001564628,농학,공학일반
ART001801546,농학,농학
ART001055955,사회복지학,사회복지학
ART001282478,농학,농학
ART002107096,전자/정보통신공학,전자/정보통신공학
ART001362483,전자/정보통신공학,전자/정보통신공학
ART001215179,전자/정보통신공학,전자/정보통신공학
ART001219417,농학,농학
ART002138110,사회복지학,사회학
ART001673746,전자/정보통신공학,전자/정보통신공학
ART001673657,전자/정보통신공학,전자/정보통신공학
ART001478036,사회복지학,사회복지학
ART001905299,사회복지학,사회복지학
ART001749491,농학,농학
ART001834752,전자/정보통신공학,전자/정보통신공학
ART001340500,사회학,공학일반
ART001953463,농학,농학
ART001079352,전자/정보통신공학,전자/정보통신공학
ART001765349,전자/정보통신공학,사회복지학
ART002146191,농학,농학
ART001439105,농학,농학
ART002053571,사회복지학,사회학
ART001219647,농학,농학
ART001503022,농학,농학
ART000879162,사회복지학,사회복지학
ART001815373,공학일반,사회학
ART001254007,농학,사회복지학
ART001566849,공학일반,공학일반
ART001373619,사회복지학,사회복지학
ART000980766,농학,농학
ART001800917,공학일반,공학일반
ART001666805,사회복지학,사회복지학
ART001219649,농학,농학
ART001325859,사회복지학,사회복지학
ART001518984,전자/정보통신공학,전자/정보통신공학
ART002024802,농학,농학
ART002023248,전자/정보통신공학,전자/정보통신공학
ART002090372,사회복지학,사회복지학
ART001494053,공학일반,공학일반
ART001218784,전자/정보통신공학,사회복지학
ART001659141,농학,농학
ART001727067,전자/정보통신공학,사회복지학
ART001632505,전자/정보통신공학,농학
ART001616256,농학,공학일반
ART001413957,전자/정보통신공학,전자/정보통신공학
ART001248460,사회복지학,사회학
ART001676914,사회복지학,사회복지학
ART001410382,전자/정보통신공학,사회학
ART001750493,전자/정보통신공학,전자/정보통신공학
ART001031843,농학,농학
ART002092039,사회복지학,농학
ART001640919,사회복지학,공학일반
ART001324129,전자/정보통신공학,전자/정보통신공학
ART001953454,농학,농학
ART001580447,농학,농학
ART001643646,공학일반,공학일반
ART001227834,전자/정보통신공학,사회학
ART001373712,사회복지학,사회복지학
ART001518130,농학,공학일반
ART001150723,사회복지학,사회복지학
ART002092429,사회복지학,사회복지학
ART001294778,사회복지학,사회복지학
ART002117832,사회복지학,사회학
ART001335264,사회복지학,사회복지학
ART001518106,농학,농학
ART002074732,사회복지학,사회학
ART001997930,사회학,사회복지학
ART002090820,사회복지학,사회복지학
ART001774604,사회학,사회학
ART001054789,사회복지학,사회복지학
ART001615126,농학,농학
ART001580489,농학,전자/정보통신공학
ART001828052,공학일반,공학일반
ART001329382,전자/정보통신공학,농학
ART001995067,사회복지학,사회복지학
ART002045832,공학일반,공학일반
ART000962933,사회학,사회학
ART001612841,공학일반,공학일반
ART001151335,사회복지학,사회복지학
ART001823025,공학일반,전자/정보통신공학
ART001892515,사회복지학,사회복지학
ART001150720,사회복지학,사회학
ART001291519,전자/정보통신공학,전자/정보통신공학
ART001927508,전자/정보통신공학,전자/정보통신공학
ART001370733,농학,공학일반
ART002140842,공학일반,사회학
ART001324808,사회복지학,공학일반
ART001136508,사회복지학,사회학
ART001638978,농학,농학
ART001704688,전자/정보통신공학,전자/정보통신공학
ART002104962,전자/정보통신공학,사회복지학
ART002002778,농학,농학
ART001627866,사회학,사회학
ART001065268,농학,농학
ART001404716,농학,전자/정보통신공학
ART001478510,농학,농학
ART001074645,사회복지학,사회복지학
ART001856439,농학,농학
ART001245822,공학일반,공학일반
ART002140999,전자/정보통신공학,전자/정보통신공학
ART001106154,사회학,사회학
ART002010452,사회복지학,사회복지학
ART001295092,사회복지학,사회복지학
ART001448105,사회복지학,사회학
ART001150935,사회복지학,사회학
ART001830748,사회복지학,사회복지학
ART001726498,사회복지학,사회복지학
ART001767502,사회복지학,사회복지학
ART001735184,농학,농학
ART001458957,농학,농학
ART000867695,사회학,사회학
ART001329182,사회복지학,사회복지학
ART001901199,사회복지학,사회학
ART001995416,농학,농학
ART001675679,농학,농학
ART001148549,농학,농학
ART001715381,공학일반,공학일반
ART001484510,농학,농학
ART001646006,공학일반,농학
ART001403065,사회복지학,사회복지학
ART001620839,농학,농학
ART001414185,사회복지학,사회복지학
ART001788802,전자/정보통신공학,전자/정보통신공학
ART001015451,농학,공학일반
ART001544914,농학,사회복지학
ART001967303,농학,농학
ART001944021,사회복지학,사회복지학
ART001128583,사회복지학,사회복지학
ART001295610,농학,농학
ART001008326,사회복지학,사회학
ART002023247,전자/정보통신공학,전자/정보통신공학
ART000932300,사회복지학,사회학
ART001798361,전자/정보통신공학,사회학
ART001035826,농학,농학
ART001650275,사회복지학,사회복지학
ART001004233,농학,사회복지학
ART002090626,사회복지학,사회복지학
ART002090863,사회복지학,공학일반
ART001275261,전자/정보통신공학,전자/정보통신공학
ART001381724,농학,사회복지학
ART002073793,사회복지학,사회학
ART001253410,전자/정보통신공학,전자/정보통신공학
ART001691697,공학일반,공학일반
ART001079349,전자/정보통신공학,사회학
ART001901252,사회복지학,사회학
ART001693906,사회복지학,농학
ART001612837,공학일반,공학일반
ART001675680,농학,농학
ART002009319,공학일반,공학일반
ART001817309,사회복지학,사회복지학
ART002006971,전자/정보통신공학,전자/정보통신공학
ART001815353,공학일반,농학
ART001128534,사회복지학,사회복지학
ART002068845,전자/정보통신공학,전자/정보통신공학
ART001797752,농학,농학
ART001254005,농학,농학
ART001800520,사회복지학,사회학
ART001749683,공학일반,사회복지학
ART001381625,농학,농학
ART001668916,공학일반,공학일반
ART001306823,농학,농학
ART001639090,농학,농학
ART001533777,사회복지학,사회복지학
ART001277148,사회복지학,사회복지학
ART001608696,전자/정보통신공학,전자/정보통신공학
ART001820543,농학,농학
ART001393938,사회복지학,공학일반
ART001481697,사회복지학,공학일반
ART001691686,공학일반,공학일반
ART001884218,사회복지학,사회학
ART001110174,사회복지학,사회학
ART001561583,사회복지학,사회복지학
ART001954180,전자/정보통신공학,전자/정보통신공학
ART002060445,사회학,사회학
ART001351399,공학일반,공학일반
ART001277245,농학,농학
ART001606146,농학,농학
ART001380929,농학,농학
ART001742943,공학일반,공학일반
ART001658308,사회학,사회학
ART002006993,농학,공학일반
ART001969102,사회복지학,사회복지학
ART001379745,사회복지학,사회복지학
ART001358578,농학,농학
ART001808164,농학,농학
ART001256086,전자/정보통신공학,농학
ART001581670,농학,농학
ART002121137,전자/정보통신공학,전자/정보통신공학
ART001893888,사회학,사회학
ART001798355,전자/정보통신공학,사회학
ART002116704,농학,농학
ART001223889,사회복지학,사회복지학
ART001909426,사회복지학,사회복지학
ART001393918,사회복지학,사회학
ART001607192,전자/정보통신공학,농학
ART001901126,공학일반,공학일반
ART001329239,전자/정보통신공학,전자/정보통신공학
ART001518973,전자/정보통신공학,전자/정보통신공학
ART001294364,전자/정보통신공학,전자/정보통신공학
ART001534441,농학,농학
ART001373608,사회복지학,사회복지학
ART001280140,공학일반,공학일반
ART001256683,농학,공학일반
ART001613673,전자/정보통신공학,전자/정보통신공학
ART001399639,사회복지학,사회복지학
ART001493516,농학,공학일반
ART001243791,공학일반,공학일반
ART001375602,농학,농학
ART001462128,농학,사회복지학
ART001217019,공학일반,공학일반
ART001277073,사회복지학,사회복지학
ART002037298,농학,사회학
ART001567830,농학,농학
ART001843570,농학,농학
ART001374095,전자/정보통신공학,전자/정보통신공학
ART001462067,농학,농학
ART001375285,사회복지학,사회복지학
ART001150826,사회복지학,사회학
ART001765516,농학,농학
ART001845638,전자/정보통신공학,전자/정보통신공학
ART001337936,농학,농학
ART001981759,사회복지학,사회복지학
ART001664061,사회복지학,사회복지학
ART001335714,사회복지학,사회복지학
ART001231723,사회복지학,사회복지학
ART001341258,전자/정보통신공학,사회학
ART002127250,전자/정보통신공학,전자/정보통신공학
ART001749456,농학,농학
ART001269944,농학,사회복지학
ART001280152,공학일반,공학일반
ART001656661,공학일반,공학일반
ART001788844,전자/정보통신공학,전자/정보통신공학
ART001106254,사회학,사회학
ART001858513,전자/정보통신공학,전자/정보통신공학
ART001427356,사회복지학,사회복지학
ART001815382,공학일반,사회학
ART001659140,농학,농학
ART001581674,농학,농학
ART001818921,전자/정보통신공학,전자/정보통신공학
ART001110252,사회복지학,사회학
ART000879074,사회복지학,사회복지학
ART001932213,농학,농학
ART001075967,전자/정보통신공학,전자/정보통신공학
ART001324150,전자/정보통신공학,전자/정보통신공학
ART001749930,사회복지학,사회학
ART002019054,농학,농학
ART001559691,공학일반,공학일반
ART001584006,농학,농학
ART001619708,농학,농학
ART001245880,농학,사회학
ART001414220,사회복지학,사회학
ART002010509,전자/정보통신공학,전자/정보통신공학
ART001335708,사회복지학,사회복지학
ART001613588,사회복지학,사회학
ART001747090,농학,농학
ART001065802,공학일반,공학일반
ART001548104,농학,농학
ART002090814,사회복지학,사회복지학
ART001399228,사회복지학,사회복지학
ART001505652,사회복지학,사회복지학
ART001148605,농학,농학
ART001735472,농학,농학
ART001357426,농학,농학
ART002047221,사회학,사회복지학
ART001414233,사회복지학,사회복지학
ART001805144,사회복지학,사회학
ART001224662,사회복지학,사회복지학
ART001810131,사회복지학,사회복지학
ART002010565,전자/정보통신공학,전자/정보통신공학
ART001253411,전자/정보통신공학,전자/정보통신공학
ART001797388,사회복지학,농학
ART001064157,농학,농학
ART001773725,사회복지학,사회복지학
ART000939001,사회학,사회학
ART000906582,농학,사회학
ART001063455,사회복지학,사회복지학
ART001909291,사회복지학,사회복지학
ART001427246,공학일반,공학일반
ART001367527,농학,농학
ART001477810,전자/정보통신공학,전자/정보통신공학
ART001582363,사회학,사회복지학
ART000933562,사회학,사회학
ART002109779,사회복지학,사회복지학
ART001845641,전자/정보통신공학,전자/정보통신공학
ART001318381,공학일반,공학일반
ART001269940,농학,전자/정보통신공학
ART001800754,전자/정보통신공학,전자/정보통신공학
ART001277123,사회복지학,사회복지학
ART001436459,공학일반,공학일반
ART002078585,농학,농학
ART001584561,사회복지학,공학일반
ART002023253,전자/정보통신공학,전자/정보통신공학
ART001244853,전자/정보통신공학,공학일반
ART002003618,사회학,사회학
ART002056426,사회학,사회학
ART001951586,농학,공학일반
ART001295119,사회복지학,사회복지학
ART001300422,공학일반,공학일반
ART001793823,공학일반,공학일반
ART000935276,농학,농학
ART001906005,전자/정보통신공학,전자/정보통신공학
ART001249370,사회복지학,사회복지학
ART001373899,사회학,사회학
ART001867164,농학,공학일반
ART002085505,사회복지학,사회복지학
ART001627889,사회학,공학일반
ART001206701,농학,전자/정보통신공학
ART001518125,농학,농학
ART001696434,공학일반,공학일반
ART001243795,공학일반,공학일반
ART002080110,농학,전자/정보통신공학
ART000954668,사회복지학,사회학
ART001260310,사회학,사회학
ART000970213,사회복지학,사회복지학
ART001842342,사회복지학,사회복지학
ART001253529,공학일반,공학일반
ART001668148,전자/정보통신공학,전자/정보통신공학
ART001861720,사회복지학,사회복지학
ART001932212,농학,농학
ART001247135,사회학,사회학
ART001666790,사회복지학,사회복지학
ART001842872,공학일반,사회학
ART001477721,사회복지학,공학일반
ART001309498,전자/정보통신공학,사회복지학
ART001381804,농학,농학
ART001478511,농학,농학
ART001664024,사회복지학,사회학
ART002087300,사회복지학,전자/정보통신공학
ART001437256,사회복지학,사회복지학
ART001715925,사회복지학,사회복지학
ART001499921,사회복지학,사회복지학
ART001437044,전자/정보통신공학,전자/정보통신공학
ART002121564,전자/정보통신공학,전자/정보통신공학
ART001990865,전자/정보통신공학,전자/정보통신공학
ART001789394,전자/정보통신공학,전자/정보통신공학
ART001616261,농학,농학
ART001858500,전자/정보통신공학,사회학
ART001647602,전자/정보통신공학,전자/정보통신공학
ART001821728,사회복지학,사회복지학
ART001692026,전자/정보통신공학,전자/정보통신공학
ART001828061,공학일반,공학일반
ART000952360,공학일반,공학일반
ART001325871,사회복지학,공학일반
ART001054550,농학,농학
ART001148708,농학,사회학
ART001418529,사회복지학,사회복지학
ART001493508,농학,농학
ART001953465,농학,농학
ART000991301,농학,농학
ART002019049,농학,사회학
ART001640503,공학일반,공학일반
ART001670298,전자/정보통신공학,사회학
ART001079350,전자/정보통신공학,사회학
ART001124365,농학,농학
ART001329251,전자/정보통신공학,전자/정보통신공학
ART001563912,사회복지학,사회학
ART000889549,농학,사회복지학
ART001904254,사회복지학,공학일반
ART001426712,사회학,사회학
ART001559690,공학일반,공학일반
ART001493640,농학,농학
ART001614720,사회복지학,사회복지학
ART000988383,농학,농학
ART002081466,사회복지학,사회복지학
ART002010478,농학,농학
ART001800846,전자/정보통신공학,전자/정보통신공학
ART001436956,전자/정보통신공학,전자/정보통신공학
ART001442517,농학,사회복지학
ART001461942,농학,농학
ART001765533,농학,농학
ART001647599,전자/정보통신공학,전자/정보통신공학
ART000933495,사회학,사회복지학
ART001245031,사회복지학,사회복지학
ART001928500,공학일반,공학일반
ART001693893,사회복지학,사회학
ART001455910,사회복지학,공학일반
ART001781870,농학,농학
ART001945271,사회복지학,사회복지학
ART001246065,공학일반,공학일반
ART001329372,전자/정보통신공학,농학
ART002125012,공학일반,공학일반
ART002024792,농학,농학
ART001333189,농학,농학
ART001450017,사회복지학,사회복지학
ART001151141,사회복지학,사회학
ART001548987,공학일반,공학일반
ART001606409,사회복지학,사회복지학
ART001927131,농학,농학
ART002147570,농학,농학
ART001275997,농학,농학
ART001969100,사회복지학,사회학
ART001136551,사회복지학,전자/정보통신공학
ART001656673,공학일반,농학
ART002047242,전자/정보통신공학,전자/정보통신공학
ART001254006,농학,농학
ART001965766,전자/정보통신공학,전자/정보통신공학
ART001252453,공학일반,공학일반
ART001106306,사회학,사회학
ART001708532,농학,농학
ART001811304,농학,농학
ART001607745,사회복지학,사회복지학
ART002053590,사회복지학,공학일반
ART001425147,전자/정보통신공학,사회학
ART001711613,전자/정보통신공학,사회학
ART001690278,사회복지학,사회복지학
ART001306830,농학,농학
ART001482564,사회복지학,사회복지학
ART002089462,전자/정보통신공학,전자/정보통신공학
ART001501143,농학,공학일반
ART001148764,농학,농학
ART001411951,농학,사회학
ART000950329,농학,농학
ART002010570,전자/정보통신공학,전자/정보통신공학
ART001427350,사회복지학,사회복지학
ART001077083,사회복지학,사회복지학
ART001277829,전자/정보통신공학,전자/정보통신공학
ART002002715,사회복지학,사회복지학
ART002034951,사회복지학,사회복지학
ART002080109,농학,농학
ART001800522,사회복지학,사회복지학
ART001009977,사회학,사회학
ART001425201,농학,사회복지학
ART001494039,공학일반,공학일반
ART001291525,전자/정보통신공학,전자/정보통신공학
ART001075963,전자/정보통신공학,전자/정보통신공학
ART001537214,사회복지학,사회복지학
ART001463701,전자/정보통신공학,전자/정보통신공학
ART002117933,사회복지학,사회복지학
ART001448529,사회복지학,사회복지학
ART002020911,사회복지학,사회복지학
ART001767472,사회복지학,사회복지학
ART001858508,전자/정보통신공학,전자/정보통신공학
ART002090660,사회복지학,사회복지학
ART001036498,농학,농학
ART001953342,공학일반,공학일반
ART001856412,농학,사회학
ART001055729,사회복지학,사회복지학
ART001373747,사회복지학,사회복지학
ART001501160,농학,전자/정보통신공학
ART001839446,전자/정보통신공학,사회학
ART001335901,농학,농학
ART001209293,사회복지학,공학일반
ART001451817,공학일반,공학일반
ART001966912,농학,농학
ART001788036,공학일반,공학일반
ART001601532,공학일반,공학일반
ART002004326,사회학,사회학
ART001582399,전자/정보통신공학,전자/정보통신공학
ART001494042,공학일반,공학일반
ART001014482,농학,농학
ART001707274,전자/정보통신공학,전자/정보통신공학
ART001995046,사회복지학,사회복지학
ART001839425,전자/정보통신공학,전자/정보통신공학
ART001448127,사회복지학,사회복지학
ART001532483,농학,농학
ART001499376,농학,농학
ART002138158,사회복지학,사회복지학
ART002070475,전자/정보통신공학,사회복지학
ART002090842,사회복지학,사회복지학
ART001848025,공학일반,전자/정보통신공학
ART001218978,공학일반,사회복지학
ART001291520,전자/정보통신공학,농학
ART001501174,농학,농학
ART001311351,전자/정보통신공학,전자/정보통신공학
ART001817298,사회복지학,공학일반
ART002138095,사회복지학,사회복지학
ART001950523,전자/정보통신공학,전자/정보통신공학
ART001564577,농학,농학
ART001699283,사회복지학,사회복지학
ART001527924,공학일반,공학일반
ART001307477,사회학,사회학
ART001275985,농학,농학
ART001903619,농학,농학
ART001362178,전자/정보통신공학,전자/정보통신공학
ART001874451,농학,농학
ART001581858,사회복지학,사회복지학
ART002106106,농학,농학
ART002080108,농학,농학
ART001843585,농학,농학
ART001252449,공학일반,공학일반
ART001141237,사회학,사회학
ART001840878,사회복지학,사회복지학
ART001801322,농학,농학
ART001493113,전자/정보통신공학,전자/정보통신공학
ART001701958,농학,공학일반
ART001557332,사회복지학,공학일반
ART001256034,사회복지학,전자/정보통신공학
ART001277142,사회복지학,사회복지학
ART001908338,공학일반,공학일반
ART002092418,사회복지학,사회복지학
ART001260963,사회학,사회학
ART001359583,공학일반,공학일반
ART001658312,사회학,사회학
ART001256084,전자/정보통신공학,전자/정보통신공학
ART001379704,사회복지학,사회학
ART001842876,공학일반,사회학
ART002072291,농학,농학
ART001906003,전자/정보통신공학,공학일반
ART001854772,전자/정보통신공학,전자/정보통신공학
ART001640912,사회복지학,사회복지학
ART002032329,사회복지학,사회학
ART001715850,사회복지학,사회학
ART001666196,사회학,사회학
ART001839468,전자/정보통신공학,사회복지학
ART001141239,사회학,사회학
ART001393691,사회복지학,사회학
ART002073655,전자/정보통신공학,전자/정보통신공학
ART001345504,사회학,사회학
ART002024798,농학,농학
ART001239491,농학,농학
ART001283550,전자/정보통신공학,전자/정보통신공학
ART001367520,농학,농학
ART001209559,사회복지학,농학
ART002142359,농학,농학
ART001141102,사회학,사회학
ART001149125,농학,사회복지학
ART001580462,농학,농학
ART002147576,농학,농학
ART001499329,농학,농학
ART001961880,사회복지학,전자/정보통신공학
ART000950332,농학,농학
ART002147778,사회복지학,사회학
ART001030939,사회복지학,사회학
ART001774616,사회학,사회학
ART001402971,사회복지학,사회복지학
ART001923137,전자/정보통신공학,전자/정보통신공학
ART001891099,농학,농학
ART001499530,농학,농학
ART001245891,농학,농학
ART001765521,농학,농학
ART001110250,사회복지학,사회학
ART001148597,농학,농학
ART001411943,농학,사회학
ART001966210,전자/정보통신공학,전자/정보통신공학
ART001256029,사회복지학,사회복지학
ART001584974,사회복지학,사회복지학
ART001244167,사회복지학,전자/정보통신공학
ART002010566,전자/정보통신공학,전자/정보통신공학
ART001769173,전자/정보통신공학,전자/정보통신공학
ART001148391,농학,농학
ART001788789,전자/정보통신공학,전자/정보통신공학
ART002090648,사회복지학,사회복지학
ART001277060,사회복지학,사회복지학
ART002004337,사회학,사회학
ART002037813,농학,농학
ART001375611,농학,농학
ART001906636,전자/정보통신공학,사회학
ART001865484,농학,농학
ART002037714,농학,농학
ART001845553,전자/정보통신공학,전자/정보통신공학
ART002108275,공학일반,공학일반
ART001431977,사회복지학,사회복지학
ART001194654,농학,공학일반
ART001381583,농학,농학
ART001566936,공학일반,공학일반
ART001985413,농학,농학
ART001983587,전자/정보통신공학,전자/정보통신공학
ART001346246,농학,농학
ART001954848,사회복지학,사회복지학
ART001759936,농학,농학
ART001893959,농학,사회학
ART001670223,전자/정보통신공학,전자/정보통신공학
ART001389976,전자/정보통신공학,전자/정보통신공학
ART001843606,농학,농학
ART001260307,사회학,사회학
ART001295587,농학,농학
ART001812200,전자/정보통신공학,전자/정보통신공학
ART001582433,공학일반,공학일반
ART001124492,농학,사회학
ART001395317,사회복지학,사회복지학
ART001910056,전자/정보통신공학,전자/정보통신공학
ART001547280,사회학,사회학
ART002086544,농학,농학
ART001581734,농학,농학
ART001232281,사회복지학,사회복지학
ART000873547,사회학,사회학
ART002009939,농학,농학
ART002090646,사회복지학,사회복지학
ART001498021,공학일반,공학일반
ART001479025,농학,농학
ART001598744,농학,농학
ART001607719,사회복지학,사회복지학
ART001897270,전자/정보통신공학,전자/정보통신공학
ART001380918,농학,농학
ART001719750,공학일반,공학일반
ART001939904,사회복지학,사회복지학
ART001818872,전자/정보통신공학,전자/정보통신공학
ART001690285,사회복지학,사회학
ART001148490,농학,농학
ART001842430,공학일반,공학일반
ART001212057,농학,공학일반
ART002062983,농학,사회복지학
ART001567779,사회학,사회학
ART001927039,사회복지학,사회복지학
ART001800854,전자/정보통신공학,전자/정보통신공학
ART001800656,전자/정보통신공학,전자/정보통신공학
ART001601593,공학일반,공학일반
ART001150986,사회복지학,사회학
ART002056435,사회학,사회학
ART001128627,사회복지학,사회복지학
ART001692073,농학,농학
ART002041524,사회복지학,사회복지학
ART001254012,농학,농학
ART001213001,농학,농학
ART001818417,농학,농학
ART001830677,사회복지학,사회복지학
ART001293369,공학일반,사회학
ART001872660,공학일반,농학
ART001527904,공학일반,공학일반
ART001614648,사회복지학,사회복지학
ART001431982,사회복지학,사회학
ART001869147,농학,농학
ART001282509,농학,농학
ART001636440,전자/정보통신공학,전자/정보통신공학
ART001833583,사회복지학,사회복지학
ART001488202,사회복지학,사회복지학
ART001709221,공학일반,공학일반
ART001370859,농학,농학
ART001567766,사회학,사회학
ART001148276,농학,전자/정보통신공학
ART001448602,사회복지학,사회학
ART002024812,농학,농학
ART001274709,공학일반,사회학
ART001532387,농학,사회복지학
ART001970958,농학,농학
ART001711783,전자/정보통신공학,전자/정보통신공학
ART001439106,농학,농학
ART002138146,사회복지학,사회복지학
ART002026715,농학,농학
ART001613664,전자/정보통신공학,전자/정보통신공학
ART000980773,농학,농학
ART001718033,사회학,사회복지학
ART001256028,사회복지학,사회학
ART001323913,전자/정보통신공학,전자/정보통신공학
ART001375298,사회복지학,사회복지학
ART001845568,전자/정보통신공학,전자/정보통신공학
ART001567778,사회학,사회학
ART001690294,사회복지학,사회복지학
ART001149082,농학,공학일반
ART001606136,농학,농학
ART001709896,사회학,사회학
ART001925988,공학일반,사회학
ART001637270,농학,농학
ART001666571,사회복지학,사회학
ART002148891,사회학,사회학
ART002121635,전자/정보통신공학,사회학
ART001450322,농학,농학
ART001275255,사회학,사회학
ART001300444,공학일반,사회학
ART001566711,공학일반,공학일반
ART001110170,사회복지학,사회복지학
ART001768207,공학일반,사회복지학
ART001156194,공학일반,공학일반
ART001550830,전자/정보통신공학,공학일반
ART001466746,사회복지학,사회복지학
